-- MySQL dump 10.13  Distrib 5.5.42, for osx10.6 (i386)
--
-- Host: localhost    Database: metaclothingdb
-- ------------------------------------------------------
-- Server version	5.5.42

/*!40101 SET @OLD_CHARACTER_SET_CLIENT=@@CHARACTER_SET_CLIENT */;
/*!40101 SET @OLD_CHARACTER_SET_RESULTS=@@CHARACTER_SET_RESULTS */;
/*!40101 SET @OLD_COLLATION_CONNECTION=@@COLLATION_CONNECTION */;
/*!40101 SET NAMES utf8 */;
/*!40103 SET @OLD_TIME_ZONE=@@TIME_ZONE */;
/*!40103 SET TIME_ZONE='+00:00' */;
/*!40014 SET @OLD_UNIQUE_CHECKS=@@UNIQUE_CHECKS, UNIQUE_CHECKS=0 */;
/*!40014 SET @OLD_FOREIGN_KEY_CHECKS=@@FOREIGN_KEY_CHECKS, FOREIGN_KEY_CHECKS=0 */;
/*!40101 SET @OLD_SQL_MODE=@@SQL_MODE, SQL_MODE='NO_AUTO_VALUE_ON_ZERO' */;
/*!40111 SET @OLD_SQL_NOTES=@@SQL_NOTES, SQL_NOTES=0 */;

--
-- Table structure for table `address`
--

DROP TABLE IF EXISTS `address`;
/*!40101 SET @saved_cs_client     = @@character_set_client */;
/*!40101 SET character_set_client = utf8 */;
CREATE TABLE `address` (
  `id` int(11) NOT NULL AUTO_INCREMENT,
  `streetaddress` varchar(100) NOT NULL,
  `city` varchar(20) NOT NULL,
  `stateabbrev` varchar(2) NOT NULL,
  `zip` int(11) NOT NULL,
  `userid` int(11) NOT NULL,
  `isbilling` tinyint(4) DEFAULT NULL,
  `isshipping` tinyint(4) DEFAULT NULL,
  PRIMARY KEY (`id`),
  KEY `idx_billingaddress` (`userid`),
  CONSTRAINT `fk_billingaddress` FOREIGN KEY (`userid`) REFERENCES `user` (`id`) ON DELETE CASCADE ON UPDATE CASCADE
) ENGINE=InnoDB AUTO_INCREMENT=40 DEFAULT CHARSET=latin1;
/*!40101 SET character_set_client = @saved_cs_client */;

--
-- Dumping data for table `address`
--

LOCK TABLES `address` WRITE;
/*!40000 ALTER TABLE `address` DISABLE KEYS */;
INSERT INTO `address` VALUES (1,'po box 456','lincoln','ne',23456,16,1,0),(2,'123 main st','lincoln','ne',23567,16,0,1),(3,'111 snow road','denver','co',12345,17,0,1),(4,'po box 99f','denver','co',12345,17,1,0),(6,'2nd address','denver','co',22222,19,1,0),(7,'1st address','denver','co',11111,19,0,1),(8,'1 address','denver','co',22222,20,1,0),(15,'lol 1 address','denver','co',22222,20,0,1),(16,'123 main st','fort collins','co',23456,22,0,1),(17,'po box 7','fort collins','co',70987,22,1,0),(25,'2144 ohio ave','milwaukee','wi',58908,14,1,0),(26,'po box 2','milwaukee','wi',90002,14,0,1),(27,'billing2','denver','co',80111,23,1,0),(28,'shipping1','denver','co',11111,23,0,1),(30,'123 main st','denver','co',89999,24,0,1),(31,'444 bam ave','denver','co',99999,25,1,1),(32,'999 nine ave','anywhere','co',88888,26,1,1),(33,'add this','denver','co',11222,24,1,0),(34,'111 any st','lincoln','ne',88880,27,0,1),(38,'po box 1g','city','co',11111,27,1,0);
/*!40000 ALTER TABLE `address` ENABLE KEYS */;
UNLOCK TABLES;

--
-- Table structure for table `cart`
--

DROP TABLE IF EXISTS `cart`;
/*!40101 SET @saved_cs_client     = @@character_set_client */;
/*!40101 SET character_set_client = utf8 */;
CREATE TABLE `cart` (
  `id` int(11) NOT NULL AUTO_INCREMENT,
  `userid` int(11) NOT NULL,
  PRIMARY KEY (`id`),
  KEY `idx_cart` (`userid`),
  CONSTRAINT `fk_cart` FOREIGN KEY (`userid`) REFERENCES `user` (`id`) ON DELETE NO ACTION ON UPDATE NO ACTION
) ENGINE=InnoDB AUTO_INCREMENT=22 DEFAULT CHARSET=latin1;
/*!40101 SET character_set_client = @saved_cs_client */;

--
-- Dumping data for table `cart`
--

LOCK TABLES `cart` WRITE;
/*!40000 ALTER TABLE `cart` DISABLE KEYS */;
INSERT INTO `cart` VALUES (5,14),(7,16),(8,17),(10,19),(11,20),(13,22),(14,23),(15,24),(16,25),(17,26),(18,27);
/*!40000 ALTER TABLE `cart` ENABLE KEYS */;
UNLOCK TABLES;

--
-- Table structure for table `cartitem`
--

DROP TABLE IF EXISTS `cartitem`;
/*!40101 SET @saved_cs_client     = @@character_set_client */;
/*!40101 SET character_set_client = utf8 */;
CREATE TABLE `cartitem` (
  `id` int(11) NOT NULL AUTO_INCREMENT,
  `quantity` int(11) NOT NULL,
  `cartid` int(11) NOT NULL,
  `itemid` int(11) NOT NULL,
  PRIMARY KEY (`id`),
  KEY `idx_cartitem` (`itemid`),
  KEY `idx_cartitem_0` (`cartid`),
  CONSTRAINT `fk_cartitem` FOREIGN KEY (`itemid`) REFERENCES `item` (`id`) ON DELETE NO ACTION ON UPDATE NO ACTION,
  CONSTRAINT `fk_cartitem_0` FOREIGN KEY (`cartid`) REFERENCES `cart` (`id`) ON DELETE NO ACTION ON UPDATE NO ACTION
) ENGINE=InnoDB AUTO_INCREMENT=26 DEFAULT CHARSET=latin1;
/*!40101 SET character_set_client = @saved_cs_client */;

--
-- Dumping data for table `cartitem`
--

LOCK TABLES `cartitem` WRITE;
/*!40000 ALTER TABLE `cartitem` DISABLE KEYS */;
INSERT INTO `cartitem` VALUES (1,4,5,1),(2,4,5,1),(3,4,5,1),(4,1,13,12),(5,1,13,1),(6,2,13,8),(7,1,7,4),(8,1,7,6),(9,1,7,3),(10,1,7,16),(11,1,7,12),(12,1,8,6),(13,1,8,20),(14,1,8,11),(15,1,8,2),(16,1,8,4),(17,4,8,1),(18,5,16,1),(19,3,16,2),(20,1,18,2),(21,1,18,1),(22,1,18,5),(24,1,8,22),(25,3,8,3);
/*!40000 ALTER TABLE `cartitem` ENABLE KEYS */;
UNLOCK TABLES;

--
-- Table structure for table `item`
--

DROP TABLE IF EXISTS `item`;
/*!40101 SET @saved_cs_client     = @@character_set_client */;
/*!40101 SET character_set_client = utf8 */;
CREATE TABLE `item` (
  `id` int(11) NOT NULL AUTO_INCREMENT,
  `name` varchar(100) NOT NULL,
  `description` varchar(1000) NOT NULL,
  `price` int(11) NOT NULL,
  `brand` varchar(20) NOT NULL,
  `rating` int(11) NOT NULL,
  `category` varchar(20) NOT NULL,
  PRIMARY KEY (`id`)
) ENGINE=InnoDB AUTO_INCREMENT=100 DEFAULT CHARSET=latin1;
/*!40101 SET character_set_client = @saved_cs_client */;

--
-- Dumping data for table `item`
--

LOCK TABLES `item` WRITE;
/*!40000 ALTER TABLE `item` DISABLE KEYS */;
INSERT INTO `item` VALUES (1,'Shoes Sm. Male','Lorem ipsum dolor sit amet consectetur adipiscing elit. Vivamus dictum nunc nisl sit amet porttitor est convallis non. Ut commodo rutrum lacus non congue. Nullam sodales sed mi quis consectetur. Phasellus euismod mi ornare pellentesque congue. Phasellus scelerisque nisl ut venenatis facilisis. Sed ut euismod odio. Phasellus vitae eros eget augue tempus blandit in lobortis lacus.',30,'Tyke',4,'Child Male'),(2,'Baby Bib','Lorem ipsum dolor sit amet consectetur adipiscing elit. Vivamus dictum nunc nisl sit amet porttitor est convallis non. Ut commodo rutrum lacus non congue. Nullam sodales sed mi quis consectetur. Phasellus euismod mi ornare pellentesque congue. Phasellus scelerisque nisl ut venenatis facilisis. Sed ut euismod odio. Phasellus vitae eros eget augue tempus blandit in lobortis lacus.',20,'Tyke',3,'Child Male'),(3,'Toddler Truckin T Shirt','Lorem ipsum dolor sit amet consectetur adipiscing elit. Vivamus dictum nunc nisl sit amet porttitor est convallis non. Ut commodo rutrum lacus non congue. Nullam sodales sed mi quis consectetur. Phasellus euismod mi ornare pellentesque congue. Phasellus scelerisque nisl ut venenatis facilisis. Sed ut euismod odio. Phasellus vitae eros eget augue tempus blandit in lobortis lacus.',20,'Tyke',2,'Child Male'),(4,'Baby Crocs','Lorem ipsum dolor sit amet consectetur adipiscing elit. Vivamus dictum nunc nisl sit amet porttitor est convallis non. Ut commodo rutrum lacus non congue. Nullam sodales sed mi quis consectetur. Phasellus euismod mi ornare pellentesque congue. Phasellus scelerisque nisl ut venenatis facilisis. Sed ut euismod odio. Phasellus vitae eros eget augue tempus blandit in lobortis lacus.',22,'Tyke',4,'Child Male'),(5,'My First Crossfit!','Lorem ipsum dolor sit amet consectetur adipiscing elit. Vivamus dictum nunc nisl sit amet porttitor est convallis non. Ut commodo rutrum lacus non congue. Nullam sodales sed mi quis consectetur. Phasellus euismod mi ornare pellentesque congue. Phasellus scelerisque nisl ut venenatis facilisis. Sed ut euismod odio. Phasellus vitae eros eget augue tempus blandit in lobortis lacus.',25,'Tyke',5,'Child Male'),(6,'The Baby Perfect Pushup','Lorem ipsum dolor sit amet consectetur adipiscing elit. Vivamus dictum nunc nisl sit amet porttitor est convallis non. Ut commodo rutrum lacus non congue. Nullam sodales sed mi quis consectetur. Phasellus euismod mi ornare pellentesque congue. Phasellus scelerisque nisl ut venenatis facilisis. Sed ut euismod odio. Phasellus vitae eros eget augue tempus blandit in lobortis lacus.',22,'Tyke',5,'Child Male'),(7,'Trains Tshirt','Lorem ipsum dolor sit amet consectetur adipiscing elit. Vivamus dictum nunc nisl sit amet porttitor est convallis non. Ut commodo rutrum lacus non congue. Nullam sodales sed mi quis consectetur. Phasellus euismod mi ornare pellentesque congue. Phasellus scelerisque nisl ut venenatis facilisis. Sed ut euismod odio. Phasellus vitae eros eget augue tempus blandit in lobortis lacus.',30,'Tyke',2,'Child Male'),(8,'Trust Fun Baby Shorts','Lorem ipsum dolor sit amet consectetur adipiscing elit. Vivamus dictum nunc nisl sit amet porttitor est convallis non. Ut commodo rutrum lacus non congue. Nullam sodales sed mi quis consectetur. Phasellus euismod mi ornare pellentesque congue. Phasellus scelerisque nisl ut venenatis facilisis. Sed ut euismod odio. Phasellus vitae eros eget augue tempus blandit in lobortis lacus.',22,'Tyke',3,'Child Male'),(9,'Skechers Kids','Lorem ipsum dolor sit amet consectetur adipiscing elit. Vivamus dictum nunc nisl sit amet porttitor est convallis non. Ut commodo rutrum lacus non congue. Nullam sodales sed mi quis consectetur. Phasellus euismod mi ornare pellentesque congue. Phasellus scelerisque nisl ut venenatis facilisis. Sed ut euismod odio. Phasellus vitae eros eget augue tempus blandit in lobortis lacus.',15,'Tyke',2,'Child Male'),(10,'Baby Boo Bib','Lorem ipsum dolor sit amet consectetur adipiscing elit. Vivamus dictum nunc nisl sit amet porttitor est convallis non. Ut commodo rutrum lacus non congue. Nullam sodales sed mi quis consectetur. Phasellus euismod mi ornare pellentesque congue. Phasellus scelerisque nisl ut venenatis facilisis. Sed ut euismod odio. Phasellus vitae eros eget augue tempus blandit in lobortis lacus.',10,'Baby Boo',1,'Child Male'),(11,'Baby Boo Toddler Tshirt','Lorem ipsum dolor sit amet consectetur adipiscing elit. Vivamus dictum nunc nisl sit amet porttitor est convallis non. Ut commodo rutrum lacus non congue. Nullam sodales sed mi quis consectetur. Phasellus euismod mi ornare pellentesque congue. Phasellus scelerisque nisl ut venenatis facilisis. Sed ut euismod odio. Phasellus vitae eros eget augue tempus blandit in lobortis lacus.',9,'Baby Boo',2,'Child Male'),(12,'Baby Boo Blue Shorts','Lorem ipsum dolor sit amet consectetur adipiscing elit. Vivamus dictum nunc nisl sit amet porttitor est convallis non. Ut commodo rutrum lacus non congue. Nullam sodales sed mi quis consectetur. Phasellus euismod mi ornare pellentesque congue. Phasellus scelerisque nisl ut venenatis facilisis. Sed ut euismod odio. Phasellus vitae eros eget augue tempus blandit in lobortis lacus.',12,'Baby Boo',4,'Child Male'),(13,'Baby Boo Sandals','Lorem ipsum dolor sit amet consectetur adipiscing elit. Vivamus dictum nunc nisl sit amet porttitor est convallis non. Ut commodo rutrum lacus non congue. Nullam sodales sed mi quis consectetur. Phasellus euismod mi ornare pellentesque congue. Phasellus scelerisque nisl ut venenatis facilisis. Sed ut euismod odio. Phasellus vitae eros eget augue tempus blandit in lobortis lacus.',14,'Baby Boo',5,'Child Male'),(14,'Banana Cabana Bandana','Lorem ipsum dolor sit amet consectetur adipiscing elit. Vivamus dictum nunc nisl sit amet porttitor est convallis non. Ut commodo rutrum lacus non congue. Nullam sodales sed mi quis consectetur. Phasellus euismod mi ornare pellentesque congue. Phasellus scelerisque nisl ut venenatis facilisis. Sed ut euismod odio. Phasellus vitae eros eget augue tempus blandit in lobortis lacus.',15,'Bannana Democracy',4,'Child Male'),(15,'Banana Dew Rag','Lorem ipsum dolor sit amet consectetur adipiscing elit. Vivamus dictum nunc nisl sit amet porttitor est convallis non. Ut commodo rutrum lacus non congue. Nullam sodales sed mi quis consectetur. Phasellus euismod mi ornare pellentesque congue. Phasellus scelerisque nisl ut venenatis facilisis. Sed ut euismod odio. Phasellus vitae eros eget augue tempus blandit in lobortis lacus.',50,'Bannana Democracy',4,'Child Male'),(16,'Shoes Sm. Female','Lorem ipsum dolor sit amet consectetur adipiscing elit. Vivamus dictum nunc nisl sit amet porttitor est convallis non. Ut commodo rutrum lacus non congue. Nullam sodales sed mi quis consectetur. Phasellus euismod mi ornare pellentesque congue. Phasellus scelerisque nisl ut venenatis facilisis. Sed ut euismod odio. Phasellus vitae eros eget augue tempus blandit in lobortis lacus.',10,'Tyke',3,'Child Female'),(17,'Baby Bib Pink','Lorem ipsum dolor sit amet consectetur adipiscing elit. Vivamus dictum nunc nisl sit amet porttitor est convallis non. Ut commodo rutrum lacus non congue. Nullam sodales sed mi quis consectetur. Phasellus euismod mi ornare pellentesque congue. Phasellus scelerisque nisl ut venenatis facilisis. Sed ut euismod odio. Phasellus vitae eros eget augue tempus blandit in lobortis lacus.',20,'Tyke',5,'Child Female'),(18,'Toddler Princess T Shirt','Lorem ipsum dolor sit amet consectetur adipiscing elit. Vivamus dictum nunc nisl sit amet porttitor est convallis non. Ut commodo rutrum lacus non congue. Nullam sodales sed mi quis consectetur. Phasellus euismod mi ornare pellentesque congue. Phasellus scelerisque nisl ut venenatis facilisis. Sed ut euismod odio. Phasellus vitae eros eget augue tempus blandit in lobortis lacus.',30,'Tyke',3,'Child Female'),(19,'Baby Crocs','Lorem ipsum dolor sit amet consectetur adipiscing elit. Vivamus dictum nunc nisl sit amet porttitor est convallis non. Ut commodo rutrum lacus non congue. Nullam sodales sed mi quis consectetur. Phasellus euismod mi ornare pellentesque congue. Phasellus scelerisque nisl ut venenatis facilisis. Sed ut euismod odio. Phasellus vitae eros eget augue tempus blandit in lobortis lacus.',40,'Tyke',4,'Child Female'),(20,'Pink I Do Girl Pushups! TShirt','Lorem ipsum dolor sit amet consectetur adipiscing elit. Vivamus dictum nunc nisl sit amet porttitor est convallis non. Ut commodo rutrum lacus non congue. Nullam sodales sed mi quis consectetur. Phasellus euismod mi ornare pellentesque congue. Phasellus scelerisque nisl ut venenatis facilisis. Sed ut euismod odio. Phasellus vitae eros eget augue tempus blandit in lobortis lacus.',50,'Tyke',2,'Child Female'),(21,'Toddler Tiara','Lorem ipsum dolor sit amet consectetur adipiscing elit. Vivamus dictum nunc nisl sit amet porttitor est convallis non. Ut commodo rutrum lacus non congue. Nullam sodales sed mi quis consectetur. Phasellus euismod mi ornare pellentesque congue. Phasellus scelerisque nisl ut venenatis facilisis. Sed ut euismod odio. Phasellus vitae eros eget augue tempus blandit in lobortis lacus.',15,'Tyke',3,'Child Female'),(22,'Princess and Dragon Tshirt','Lorem ipsum dolor sit amet consectetur adipiscing elit. Vivamus dictum nunc nisl sit amet porttitor est convallis non. Ut commodo rutrum lacus non congue. Nullam sodales sed mi quis consectetur. Phasellus euismod mi ornare pellentesque congue. Phasellus scelerisque nisl ut venenatis facilisis. Sed ut euismod odio. Phasellus vitae eros eget augue tempus blandit in lobortis lacus.',25,'Tyke',4,'Child Female'),(23,'Khaki Capris (Minions)','Lorem ipsum dolor sit amet consectetur adipiscing elit. Vivamus dictum nunc nisl sit amet porttitor est convallis non. Ut commodo rutrum lacus non congue. Nullam sodales sed mi quis consectetur. Phasellus euismod mi ornare pellentesque congue. Phasellus scelerisque nisl ut venenatis facilisis. Sed ut euismod odio. Phasellus vitae eros eget augue tempus blandit in lobortis lacus.',30,'Tyke',5,'Child Female'),(24,'Skechers Kids (Female)','Lorem ipsum dolor sit amet consectetur adipiscing elit. Vivamus dictum nunc nisl sit amet porttitor est convallis non. Ut commodo rutrum lacus non congue. Nullam sodales sed mi quis consectetur. Phasellus euismod mi ornare pellentesque congue. Phasellus scelerisque nisl ut venenatis facilisis. Sed ut euismod odio. Phasellus vitae eros eget augue tempus blandit in lobortis lacus.',35,'Tyke',4,'Child Female'),(25,'Baby Boo Bib Pink','Lorem ipsum dolor sit amet consectetur adipiscing elit. Vivamus dictum nunc nisl sit amet porttitor est convallis non. Ut commodo rutrum lacus non congue. Nullam sodales sed mi quis consectetur. Phasellus euismod mi ornare pellentesque congue. Phasellus scelerisque nisl ut venenatis facilisis. Sed ut euismod odio. Phasellus vitae eros eget augue tempus blandit in lobortis lacus.',45,'Baby Boo',3,'Child Female'),(26,'Baby Boo Toddler Tshirt Princess','Lorem ipsum dolor sit amet consectetur adipiscing elit. Vivamus dictum nunc nisl sit amet porttitor est convallis non. Ut commodo rutrum lacus non congue. Nullam sodales sed mi quis consectetur. Phasellus euismod mi ornare pellentesque congue. Phasellus scelerisque nisl ut venenatis facilisis. Sed ut euismod odio. Phasellus vitae eros eget augue tempus blandit in lobortis lacus.',55,'Baby Boo',2,'Child Female'),(27,'Baby Boo Pink Shorts','Lorem ipsum dolor sit amet consectetur adipiscing elit. Vivamus dictum nunc nisl sit amet porttitor est convallis non. Ut commodo rutrum lacus non congue. Nullam sodales sed mi quis consectetur. Phasellus euismod mi ornare pellentesque congue. Phasellus scelerisque nisl ut venenatis facilisis. Sed ut euismod odio. Phasellus vitae eros eget augue tempus blandit in lobortis lacus.',57,'Baby Boo',4,'Child Female'),(28,'Baby Boo Sandals Bling Pink','Lorem ipsum dolor sit amet consectetur adipiscing elit. Vivamus dictum nunc nisl sit amet porttitor est convallis non. Ut commodo rutrum lacus non congue. Nullam sodales sed mi quis consectetur. Phasellus euismod mi ornare pellentesque congue. Phasellus scelerisque nisl ut venenatis facilisis. Sed ut euismod odio. Phasellus vitae eros eget augue tempus blandit in lobortis lacus.',49,'Baby Boo',5,'Child Female'),(29,'Banana Cabana Bandana Princess','Lorem ipsum dolor sit amet consectetur adipiscing elit. Vivamus dictum nunc nisl sit amet porttitor est convallis non. Ut commodo rutrum lacus non congue. Nullam sodales sed mi quis consectetur. Phasellus euismod mi ornare pellentesque congue. Phasellus scelerisque nisl ut venenatis facilisis. Sed ut euismod odio. Phasellus vitae eros eget augue tempus blandit in lobortis lacus.',29,'Banana Democracy',5,'Child Female'),(30,'Banana Dew Rag Elsa','Lorem ipsum dolor sit amet consectetur adipiscing elit. Vivamus dictum nunc nisl sit amet porttitor est convallis non. Ut commodo rutrum lacus non congue. Nullam sodales sed mi quis consectetur. Phasellus euismod mi ornare pellentesque congue. Phasellus scelerisque nisl ut venenatis facilisis. Sed ut euismod odio. Phasellus vitae eros eget augue tempus blandit in lobortis lacus.',30,'Banana Democracy',2,'Child Female'),(31,'Banana Khaki Jacket','Lorem ipsum dolor sit amet consectetur adipiscing elit. Vivamus dictum nunc nisl sit amet porttitor est convallis non. Ut commodo rutrum lacus non congue. Nullam sodales sed mi quis consectetur. Phasellus euismod mi ornare pellentesque congue. Phasellus scelerisque nisl ut venenatis facilisis. Sed ut euismod odio. Phasellus vitae eros eget augue tempus blandit in lobortis lacus.',10,'Banana Democracy',3,'Juvenile Male'),(32,'Jean Shorts','Lorem ipsum dolor sit amet consectetur adipiscing elit. Vivamus dictum nunc nisl sit amet porttitor est convallis non. Ut commodo rutrum lacus non congue. Nullam sodales sed mi quis consectetur. Phasellus euismod mi ornare pellentesque congue. Phasellus scelerisque nisl ut venenatis facilisis. Sed ut euismod odio. Phasellus vitae eros eget augue tempus blandit in lobortis lacus.',20,'Banana Democracy',2,'Juvenile Male'),(33,'Soy Sauce Tshirt','Lorem ipsum dolor sit amet consectetur adipiscing elit. Vivamus dictum nunc nisl sit amet porttitor est convallis non. Ut commodo rutrum lacus non congue. Nullam sodales sed mi quis consectetur. Phasellus euismod mi ornare pellentesque congue. Phasellus scelerisque nisl ut venenatis facilisis. Sed ut euismod odio. Phasellus vitae eros eget augue tempus blandit in lobortis lacus.',30,'Banana Democracy',1,'Juvenile Male'),(34,'Candy Tshirt','Lorem ipsum dolor sit amet consectetur adipiscing elit. Vivamus dictum nunc nisl sit amet porttitor est convallis non. Ut commodo rutrum lacus non congue. Nullam sodales sed mi quis consectetur. Phasellus euismod mi ornare pellentesque congue. Phasellus scelerisque nisl ut venenatis facilisis. Sed ut euismod odio. Phasellus vitae eros eget augue tempus blandit in lobortis lacus.',40,'Banana Democracy',2,'Juvenile Male'),(35,'Banana Democracy Canvas Jacket','Lorem ipsum dolor sit amet consectetur adipiscing elit. Vivamus dictum nunc nisl sit amet porttitor est convallis non. Ut commodo rutrum lacus non congue. Nullam sodales sed mi quis consectetur. Phasellus euismod mi ornare pellentesque congue. Phasellus scelerisque nisl ut venenatis facilisis. Sed ut euismod odio. Phasellus vitae eros eget augue tempus blandit in lobortis lacus.',50,'Banana Democracy',4,'Juvenile Male'),(36,'Rip Off Leather Pants','Lorem ipsum dolor sit amet consectetur adipiscing elit. Vivamus dictum nunc nisl sit amet porttitor est convallis non. Ut commodo rutrum lacus non congue. Nullam sodales sed mi quis consectetur. Phasellus euismod mi ornare pellentesque congue. Phasellus scelerisque nisl ut venenatis facilisis. Sed ut euismod odio. Phasellus vitae eros eget augue tempus blandit in lobortis lacus.',60,'Rough Rider',5,'Juvenile Male'),(37,'Heavy Duty Denim Jeans','Lorem ipsum dolor sit amet consectetur adipiscing elit. Vivamus dictum nunc nisl sit amet porttitor est convallis non. Ut commodo rutrum lacus non congue. Nullam sodales sed mi quis consectetur. Phasellus euismod mi ornare pellentesque congue. Phasellus scelerisque nisl ut venenatis facilisis. Sed ut euismod odio. Phasellus vitae eros eget augue tempus blandit in lobortis lacus.',15,'Rough Rider',4,'Juvenile Male'),(38,'Work Jacket Heavy Denim Sm.','Lorem ipsum dolor sit amet consectetur adipiscing elit. Vivamus dictum nunc nisl sit amet porttitor est convallis non. Ut commodo rutrum lacus non congue. Nullam sodales sed mi quis consectetur. Phasellus euismod mi ornare pellentesque congue. Phasellus scelerisque nisl ut venenatis facilisis. Sed ut euismod odio. Phasellus vitae eros eget augue tempus blandit in lobortis lacus.',25,'Rough Rider',4,'Juvenile Male'),(39,'Heavy Work Boots (Rubber To)','Lorem ipsum dolor sit amet consectetur adipiscing elit. Vivamus dictum nunc nisl sit amet porttitor est convallis non. Ut commodo rutrum lacus non congue. Nullam sodales sed mi quis consectetur. Phasellus euismod mi ornare pellentesque congue. Phasellus scelerisque nisl ut venenatis facilisis. Sed ut euismod odio. Phasellus vitae eros eget augue tempus blandit in lobortis lacus.',35,'Rough Rider',3,'Juvenile Male'),(40,'Heavy Duty Denim Jean Shorts','Lorem ipsum dolor sit amet consectetur adipiscing elit. Vivamus dictum nunc nisl sit amet porttitor est convallis non. Ut commodo rutrum lacus non congue. Nullam sodales sed mi quis consectetur. Phasellus euismod mi ornare pellentesque congue. Phasellus scelerisque nisl ut venenatis facilisis. Sed ut euismod odio. Phasellus vitae eros eget augue tempus blandit in lobortis lacus.',45,'Rough Rider',5,'Juvenile Male'),(41,'Heavy Duty Denim Beanie','Lorem ipsum dolor sit amet consectetur adipiscing elit. Vivamus dictum nunc nisl sit amet porttitor est convallis non. Ut commodo rutrum lacus non congue. Nullam sodales sed mi quis consectetur. Phasellus euismod mi ornare pellentesque congue. Phasellus scelerisque nisl ut venenatis facilisis. Sed ut euismod odio. Phasellus vitae eros eget augue tempus blandit in lobortis lacus.',55,'Rough Rider',3,'Juvenile Male'),(42,'Sun Records Tshirt','Lorem ipsum dolor sit amet consectetur adipiscing elit. Vivamus dictum nunc nisl sit amet porttitor est convallis non. Ut commodo rutrum lacus non congue. Nullam sodales sed mi quis consectetur. Phasellus euismod mi ornare pellentesque congue. Phasellus scelerisque nisl ut venenatis facilisis. Sed ut euismod odio. Phasellus vitae eros eget augue tempus blandit in lobortis lacus.',65,'Carter Clothing',4,'Juvenile Male'),(43,'Kikkoman Tshirt','Lorem ipsum dolor sit amet consectetur adipiscing elit. Vivamus dictum nunc nisl sit amet porttitor est convallis non. Ut commodo rutrum lacus non congue. Nullam sodales sed mi quis consectetur. Phasellus euismod mi ornare pellentesque congue. Phasellus scelerisque nisl ut venenatis facilisis. Sed ut euismod odio. Phasellus vitae eros eget augue tempus blandit in lobortis lacus.',75,'Carter Clothing',2,'Juvenile Male'),(44,'Black Med. Length Shorts','Lorem ipsum dolor sit amet consectetur adipiscing elit. Vivamus dictum nunc nisl sit amet porttitor est convallis non. Ut commodo rutrum lacus non congue. Nullam sodales sed mi quis consectetur. Phasellus euismod mi ornare pellentesque congue. Phasellus scelerisque nisl ut venenatis facilisis. Sed ut euismod odio. Phasellus vitae eros eget augue tempus blandit in lobortis lacus.',27,'Carter Clothing',3,'Juvenile Male'),(45,'Black Long Sleeve Shirt','Lorem ipsum dolor sit amet consectetur adipiscing elit. Vivamus dictum nunc nisl sit amet porttitor est convallis non. Ut commodo rutrum lacus non congue. Nullam sodales sed mi quis consectetur. Phasellus euismod mi ornare pellentesque congue. Phasellus scelerisque nisl ut venenatis facilisis. Sed ut euismod odio. Phasellus vitae eros eget augue tempus blandit in lobortis lacus.',37,'Carter Clothing',4,'Juvenile Male'),(46,'Hipster Halter','Lorem ipsum dolor sit amet consectetur adipiscing elit. Vivamus dictum nunc nisl sit amet porttitor est convallis non. Ut commodo rutrum lacus non congue. Nullam sodales sed mi quis consectetur. Phasellus euismod mi ornare pellentesque congue. Phasellus scelerisque nisl ut venenatis facilisis. Sed ut euismod odio. Phasellus vitae eros eget augue tempus blandit in lobortis lacus.',10,'Banana Democracy',4,'Juvenile Female'),(47,'Skit Skat Skirt','Lorem ipsum dolor sit amet consectetur adipiscing elit. Vivamus dictum nunc nisl sit amet porttitor est convallis non. Ut commodo rutrum lacus non congue. Nullam sodales sed mi quis consectetur. Phasellus euismod mi ornare pellentesque congue. Phasellus scelerisque nisl ut venenatis facilisis. Sed ut euismod odio. Phasellus vitae eros eget augue tempus blandit in lobortis lacus.',20,'Banana Democracy',3,'Juvenile Female'),(48,'Dramatic Dress','Lorem ipsum dolor sit amet consectetur adipiscing elit. Vivamus dictum nunc nisl sit amet porttitor est convallis non. Ut commodo rutrum lacus non congue. Nullam sodales sed mi quis consectetur. Phasellus euismod mi ornare pellentesque congue. Phasellus scelerisque nisl ut venenatis facilisis. Sed ut euismod odio. Phasellus vitae eros eget augue tempus blandit in lobortis lacus.',30,'Banana Democracy',2,'Juvenile Female'),(49,'Juvenile Jumper','Lorem ipsum dolor sit amet consectetur adipiscing elit. Vivamus dictum nunc nisl sit amet porttitor est convallis non. Ut commodo rutrum lacus non congue. Nullam sodales sed mi quis consectetur. Phasellus euismod mi ornare pellentesque congue. Phasellus scelerisque nisl ut venenatis facilisis. Sed ut euismod odio. Phasellus vitae eros eget augue tempus blandit in lobortis lacus.',40,'Banana Democracy',4,'Juvenile Female'),(50,'Pillow Party PJs','Lorem ipsum dolor sit amet consectetur adipiscing elit. Vivamus dictum nunc nisl sit amet porttitor est convallis non. Ut commodo rutrum lacus non congue. Nullam sodales sed mi quis consectetur. Phasellus euismod mi ornare pellentesque congue. Phasellus scelerisque nisl ut venenatis facilisis. Sed ut euismod odio. Phasellus vitae eros eget augue tempus blandit in lobortis lacus.',50,'Banana Democracy',5,'Juvenile Female'),(51,'Chemise','Lorem ipsum dolor sit amet consectetur adipiscing elit. Vivamus dictum nunc nisl sit amet porttitor est convallis non. Ut commodo rutrum lacus non congue. Nullam sodales sed mi quis consectetur. Phasellus euismod mi ornare pellentesque congue. Phasellus scelerisque nisl ut venenatis facilisis. Sed ut euismod odio. Phasellus vitae eros eget augue tempus blandit in lobortis lacus.',60,'Rough Rider',5,'Juvenile Female'),(52,'Coolats','Lorem ipsum dolor sit amet consectetur adipiscing elit. Vivamus dictum nunc nisl sit amet porttitor est convallis non. Ut commodo rutrum lacus non congue. Nullam sodales sed mi quis consectetur. Phasellus euismod mi ornare pellentesque congue. Phasellus scelerisque nisl ut venenatis facilisis. Sed ut euismod odio. Phasellus vitae eros eget augue tempus blandit in lobortis lacus.',70,'Rough Rider',2,'Juvenile Female'),(53,'Monday Scarf','Lorem ipsum dolor sit amet consectetur adipiscing elit. Vivamus dictum nunc nisl sit amet porttitor est convallis non. Ut commodo rutrum lacus non congue. Nullam sodales sed mi quis consectetur. Phasellus euismod mi ornare pellentesque congue. Phasellus scelerisque nisl ut venenatis facilisis. Sed ut euismod odio. Phasellus vitae eros eget augue tempus blandit in lobortis lacus.',15,'Rough Rider',3,'Juvenile Female'),(54,'Tuesday Scarf','Lorem ipsum dolor sit amet consectetur adipiscing elit. Vivamus dictum nunc nisl sit amet porttitor est convallis non. Ut commodo rutrum lacus non congue. Nullam sodales sed mi quis consectetur. Phasellus euismod mi ornare pellentesque congue. Phasellus scelerisque nisl ut venenatis facilisis. Sed ut euismod odio. Phasellus vitae eros eget augue tempus blandit in lobortis lacus.',25,'Rough Rider',2,'Juvenile Female'),(55,'Wednesday Scarf','Lorem ipsum dolor sit amet consectetur adipiscing elit. Vivamus dictum nunc nisl sit amet porttitor est convallis non. Ut commodo rutrum lacus non congue. Nullam sodales sed mi quis consectetur. Phasellus euismod mi ornare pellentesque congue. Phasellus scelerisque nisl ut venenatis facilisis. Sed ut euismod odio. Phasellus vitae eros eget augue tempus blandit in lobortis lacus.',35,'Rough Rider',1,'Juvenile Female'),(56,'Thursday Scarf','Lorem ipsum dolor sit amet consectetur adipiscing elit. Vivamus dictum nunc nisl sit amet porttitor est convallis non. Ut commodo rutrum lacus non congue. Nullam sodales sed mi quis consectetur. Phasellus euismod mi ornare pellentesque congue. Phasellus scelerisque nisl ut venenatis facilisis. Sed ut euismod odio. Phasellus vitae eros eget augue tempus blandit in lobortis lacus.',46,'Rough Rider',2,'Juvenile Female'),(57,'Friday Scarf','Lorem ipsum dolor sit amet consectetur adipiscing elit. Vivamus dictum nunc nisl sit amet porttitor est convallis non. Ut commodo rutrum lacus non congue. Nullam sodales sed mi quis consectetur. Phasellus euismod mi ornare pellentesque congue. Phasellus scelerisque nisl ut venenatis facilisis. Sed ut euismod odio. Phasellus vitae eros eget augue tempus blandit in lobortis lacus.',57,'Carter Clothing',4,'Juvenile Female'),(58,'Formal Scarf','Lorem ipsum dolor sit amet consectetur adipiscing elit. Vivamus dictum nunc nisl sit amet porttitor est convallis non. Ut commodo rutrum lacus non congue. Nullam sodales sed mi quis consectetur. Phasellus euismod mi ornare pellentesque congue. Phasellus scelerisque nisl ut venenatis facilisis. Sed ut euismod odio. Phasellus vitae eros eget augue tempus blandit in lobortis lacus.',63,'Carter Clothing',5,'Juvenile Female'),(59,'Everyday Scarf','Lorem ipsum dolor sit amet consectetur adipiscing elit. Vivamus dictum nunc nisl sit amet porttitor est convallis non. Ut commodo rutrum lacus non congue. Nullam sodales sed mi quis consectetur. Phasellus euismod mi ornare pellentesque congue. Phasellus scelerisque nisl ut venenatis facilisis. Sed ut euismod odio. Phasellus vitae eros eget augue tempus blandit in lobortis lacus.',60,'Carter Clothing',4,'Juvenile Female'),(60,'Around the house Scarf','Lorem ipsum dolor sit amet consectetur adipiscing elit. Vivamus dictum nunc nisl sit amet porttitor est convallis non. Ut commodo rutrum lacus non congue. Nullam sodales sed mi quis consectetur. Phasellus euismod mi ornare pellentesque congue. Phasellus scelerisque nisl ut venenatis facilisis. Sed ut euismod odio. Phasellus vitae eros eget augue tempus blandit in lobortis lacus.',20,'Carter Clothing',4,'Juvenile Female'),(61,'Bed Time Scarf','Lorem ipsum dolor sit amet consectetur adipiscing elit. Vivamus dictum nunc nisl sit amet porttitor est convallis non. Ut commodo rutrum lacus non congue. Nullam sodales sed mi quis consectetur. Phasellus euismod mi ornare pellentesque congue. Phasellus scelerisque nisl ut venenatis facilisis. Sed ut euismod odio. Phasellus vitae eros eget augue tempus blandit in lobortis lacus.',13,'Carter Clothing',3,'Juvenile Female'),(62,'Leggings','Lorem ipsum dolor sit amet consectetur adipiscing elit. Vivamus dictum nunc nisl sit amet porttitor est convallis non. Ut commodo rutrum lacus non congue. Nullam sodales sed mi quis consectetur. Phasellus euismod mi ornare pellentesque congue. Phasellus scelerisque nisl ut venenatis facilisis. Sed ut euismod odio. Phasellus vitae eros eget augue tempus blandit in lobortis lacus.',20,'Carter Clothing',5,'Juvenile Female'),(63,'Jeggings','Lorem ipsum dolor sit amet consectetur adipiscing elit. Vivamus dictum nunc nisl sit amet porttitor est convallis non. Ut commodo rutrum lacus non congue. Nullam sodales sed mi quis consectetur. Phasellus euismod mi ornare pellentesque congue. Phasellus scelerisque nisl ut venenatis facilisis. Sed ut euismod odio. Phasellus vitae eros eget augue tempus blandit in lobortis lacus.',20,'Carter Clothing',3,'Juvenile Female'),(64,'Ugg Warmers','Lorem ipsum dolor sit amet consectetur adipiscing elit. Vivamus dictum nunc nisl sit amet porttitor est convallis non. Ut commodo rutrum lacus non congue. Nullam sodales sed mi quis consectetur. Phasellus euismod mi ornare pellentesque congue. Phasellus scelerisque nisl ut venenatis facilisis. Sed ut euismod odio. Phasellus vitae eros eget augue tempus blandit in lobortis lacus.',30,'Carter Clothing',4,'Juvenile Female'),(65,'Extra Long Sweaters','Lorem ipsum dolor sit amet consectetur adipiscing elit. Vivamus dictum nunc nisl sit amet porttitor est convallis non. Ut commodo rutrum lacus non congue. Nullam sodales sed mi quis consectetur. Phasellus euismod mi ornare pellentesque congue. Phasellus scelerisque nisl ut venenatis facilisis. Sed ut euismod odio. Phasellus vitae eros eget augue tempus blandit in lobortis lacus.',16,'Carter Clothing',2,'Juvenile Female'),(66,'Red Flannel','Lorem ipsum dolor sit amet consectetur adipiscing elit. Vivamus dictum nunc nisl sit amet porttitor est convallis non. Ut commodo rutrum lacus non congue. Nullam sodales sed mi quis consectetur. Phasellus euismod mi ornare pellentesque congue. Phasellus scelerisque nisl ut venenatis facilisis. Sed ut euismod odio. Phasellus vitae eros eget augue tempus blandit in lobortis lacus.',30,'Carter Clothing',3,'Adult Male'),(67,'Green Flannel','Lorem ipsum dolor sit amet consectetur adipiscing elit. Vivamus dictum nunc nisl sit amet porttitor est convallis non. Ut commodo rutrum lacus non congue. Nullam sodales sed mi quis consectetur. Phasellus euismod mi ornare pellentesque congue. Phasellus scelerisque nisl ut venenatis facilisis. Sed ut euismod odio. Phasellus vitae eros eget augue tempus blandit in lobortis lacus.',40,'Carter Clothing',4,'Adult Male'),(68,'Rainbow Flannel','Lorem ipsum dolor sit amet consectetur adipiscing elit. Vivamus dictum nunc nisl sit amet porttitor est convallis non. Ut commodo rutrum lacus non congue. Nullam sodales sed mi quis consectetur. Phasellus euismod mi ornare pellentesque congue. Phasellus scelerisque nisl ut venenatis facilisis. Sed ut euismod odio. Phasellus vitae eros eget augue tempus blandit in lobortis lacus.',60,'Carter Clothing',4,'Adult Male'),(69,'Utility Shemagh','Lorem ipsum dolor sit amet consectetur adipiscing elit. Vivamus dictum nunc nisl sit amet porttitor est convallis non. Ut commodo rutrum lacus non congue. Nullam sodales sed mi quis consectetur. Phasellus euismod mi ornare pellentesque congue. Phasellus scelerisque nisl ut venenatis facilisis. Sed ut euismod odio. Phasellus vitae eros eget augue tempus blandit in lobortis lacus.',50,'Levi Mouse',3,'Adult Male'),(70,'FTW Trucker Hat','Lorem ipsum dolor sit amet consectetur adipiscing elit. Vivamus dictum nunc nisl sit amet porttitor est convallis non. Ut commodo rutrum lacus non congue. Nullam sodales sed mi quis consectetur. Phasellus euismod mi ornare pellentesque congue. Phasellus scelerisque nisl ut venenatis facilisis. Sed ut euismod odio. Phasellus vitae eros eget augue tempus blandit in lobortis lacus.',102,'Levi Mouse',2,'Adult Male'),(71,'Free Tibet Trucker Hat','Lorem ipsum dolor sit amet consectetur adipiscing elit. Vivamus dictum nunc nisl sit amet porttitor est convallis non. Ut commodo rutrum lacus non congue. Nullam sodales sed mi quis consectetur. Phasellus euismod mi ornare pellentesque congue. Phasellus scelerisque nisl ut venenatis facilisis. Sed ut euismod odio. Phasellus vitae eros eget augue tempus blandit in lobortis lacus.',20,'Levi Mouse',4,'Adult Male'),(72,'PBR Can Slippers','Lorem ipsum dolor sit amet consectetur adipiscing elit. Vivamus dictum nunc nisl sit amet porttitor est convallis non. Ut commodo rutrum lacus non congue. Nullam sodales sed mi quis consectetur. Phasellus euismod mi ornare pellentesque congue. Phasellus scelerisque nisl ut venenatis facilisis. Sed ut euismod odio. Phasellus vitae eros eget augue tempus blandit in lobortis lacus.',30,'Levi Mouse',5,'Adult Male'),(73,'Lightly Used Jeans','Lorem ipsum dolor sit amet consectetur adipiscing elit. Vivamus dictum nunc nisl sit amet porttitor est convallis non. Ut commodo rutrum lacus non congue. Nullam sodales sed mi quis consectetur. Phasellus euismod mi ornare pellentesque congue. Phasellus scelerisque nisl ut venenatis facilisis. Sed ut euismod odio. Phasellus vitae eros eget augue tempus blandit in lobortis lacus.',30,'Strauss Frock',5,'Adult Male'),(74,'Never Take them off Jeans','Lorem ipsum dolor sit amet consectetur adipiscing elit. Vivamus dictum nunc nisl sit amet porttitor est convallis non. Ut commodo rutrum lacus non congue. Nullam sodales sed mi quis consectetur. Phasellus euismod mi ornare pellentesque congue. Phasellus scelerisque nisl ut venenatis facilisis. Sed ut euismod odio. Phasellus vitae eros eget augue tempus blandit in lobortis lacus.',50,'Strauss Frock',2,'Adult Male'),(75,'Girlfriend Jeans','Lorem ipsum dolor sit amet consectetur adipiscing elit. Vivamus dictum nunc nisl sit amet porttitor est convallis non. Ut commodo rutrum lacus non congue. Nullam sodales sed mi quis consectetur. Phasellus euismod mi ornare pellentesque congue. Phasellus scelerisque nisl ut venenatis facilisis. Sed ut euismod odio. Phasellus vitae eros eget augue tempus blandit in lobortis lacus.',50,'Strauss Frock',3,'Adult Male'),(76,'Rockstar Jeans','Lorem ipsum dolor sit amet consectetur adipiscing elit. Vivamus dictum nunc nisl sit amet porttitor est convallis non. Ut commodo rutrum lacus non congue. Nullam sodales sed mi quis consectetur. Phasellus euismod mi ornare pellentesque congue. Phasellus scelerisque nisl ut venenatis facilisis. Sed ut euismod odio. Phasellus vitae eros eget augue tempus blandit in lobortis lacus.',50,'Strauss Frock',2,'Adult Male'),(77,'Jeggings for men','Lorem ipsum dolor sit amet consectetur adipiscing elit. Vivamus dictum nunc nisl sit amet porttitor est convallis non. Ut commodo rutrum lacus non congue. Nullam sodales sed mi quis consectetur. Phasellus euismod mi ornare pellentesque congue. Phasellus scelerisque nisl ut venenatis facilisis. Sed ut euismod odio. Phasellus vitae eros eget augue tempus blandit in lobortis lacus.',20,'Strauss Frock',1,'Adult Male'),(78,'Ugg workboots','Lorem ipsum dolor sit amet consectetur adipiscing elit. Vivamus dictum nunc nisl sit amet porttitor est convallis non. Ut commodo rutrum lacus non congue. Nullam sodales sed mi quis consectetur. Phasellus euismod mi ornare pellentesque congue. Phasellus scelerisque nisl ut venenatis facilisis. Sed ut euismod odio. Phasellus vitae eros eget augue tempus blandit in lobortis lacus.',21,'Mouse Something',2,'Adult Male'),(79,'Sketchy Hoody','Lorem ipsum dolor sit amet consectetur adipiscing elit. Vivamus dictum nunc nisl sit amet porttitor est convallis non. Ut commodo rutrum lacus non congue. Nullam sodales sed mi quis consectetur. Phasellus euismod mi ornare pellentesque congue. Phasellus scelerisque nisl ut venenatis facilisis. Sed ut euismod odio. Phasellus vitae eros eget augue tempus blandit in lobortis lacus.',202,'Mouse Something',4,'Adult Male'),(80,'Surfer Hoody','Lorem ipsum dolor sit amet consectetur adipiscing elit. Vivamus dictum nunc nisl sit amet porttitor est convallis non. Ut commodo rutrum lacus non congue. Nullam sodales sed mi quis consectetur. Phasellus euismod mi ornare pellentesque congue. Phasellus scelerisque nisl ut venenatis facilisis. Sed ut euismod odio. Phasellus vitae eros eget augue tempus blandit in lobortis lacus.',10,'Mouse Something',5,'Adult Male'),(81,'Boyfriend shirt','Lorem ipsum dolor sit amet consectetur adipiscing elit. Vivamus dictum nunc nisl sit amet porttitor est convallis non. Ut commodo rutrum lacus non congue. Nullam sodales sed mi quis consectetur. Phasellus euismod mi ornare pellentesque congue. Phasellus scelerisque nisl ut venenatis facilisis. Sed ut euismod odio. Phasellus vitae eros eget augue tempus blandit in lobortis lacus.',30,'Carter Clothing',4,'Adult Female'),(82,'moth eaten tshirt','Lorem ipsum dolor sit amet consectetur adipiscing elit. Vivamus dictum nunc nisl sit amet porttitor est convallis non. Ut commodo rutrum lacus non congue. Nullam sodales sed mi quis consectetur. Phasellus euismod mi ornare pellentesque congue. Phasellus scelerisque nisl ut venenatis facilisis. Sed ut euismod odio. Phasellus vitae eros eget augue tempus blandit in lobortis lacus.',40,'Carter Clothing',4,'Adult Female'),(83,'formal tank top','Lorem ipsum dolor sit amet consectetur adipiscing elit. Vivamus dictum nunc nisl sit amet porttitor est convallis non. Ut commodo rutrum lacus non congue. Nullam sodales sed mi quis consectetur. Phasellus euismod mi ornare pellentesque congue. Phasellus scelerisque nisl ut venenatis facilisis. Sed ut euismod odio. Phasellus vitae eros eget augue tempus blandit in lobortis lacus.',50,'Carter Clothing',3,'Adult Female'),(84,'floor length curtain skirt','Lorem ipsum dolor sit amet consectetur adipiscing elit. Vivamus dictum nunc nisl sit amet porttitor est convallis non. Ut commodo rutrum lacus non congue. Nullam sodales sed mi quis consectetur. Phasellus euismod mi ornare pellentesque congue. Phasellus scelerisque nisl ut venenatis facilisis. Sed ut euismod odio. Phasellus vitae eros eget augue tempus blandit in lobortis lacus.',102,'Levi Mouse',5,'Adult Female'),(85,'steam punk goggles','Lorem ipsum dolor sit amet consectetur adipiscing elit. Vivamus dictum nunc nisl sit amet porttitor est convallis non. Ut commodo rutrum lacus non congue. Nullam sodales sed mi quis consectetur. Phasellus euismod mi ornare pellentesque congue. Phasellus scelerisque nisl ut venenatis facilisis. Sed ut euismod odio. Phasellus vitae eros eget augue tempus blandit in lobortis lacus.',40,'Levi Mouse',3,'Adult Female'),(86,'cannot even socks','Lorem ipsum dolor sit amet consectetur adipiscing elit. Vivamus dictum nunc nisl sit amet porttitor est convallis non. Ut commodo rutrum lacus non congue. Nullam sodales sed mi quis consectetur. Phasellus euismod mi ornare pellentesque congue. Phasellus scelerisque nisl ut venenatis facilisis. Sed ut euismod odio. Phasellus vitae eros eget augue tempus blandit in lobortis lacus.',102,'Levi Mouse',4,'Adult Female'),(87,'afghan shawl','Lorem ipsum dolor sit amet consectetur adipiscing elit. Vivamus dictum nunc nisl sit amet porttitor est convallis non. Ut commodo rutrum lacus non congue. Nullam sodales sed mi quis consectetur. Phasellus euismod mi ornare pellentesque congue. Phasellus scelerisque nisl ut venenatis facilisis. Sed ut euismod odio. Phasellus vitae eros eget augue tempus blandit in lobortis lacus.',102,'Levi Mouse',2,'Adult Female'),(88,'4 inch stiletto uggs','Lorem ipsum dolor sit amet consectetur adipiscing elit. Vivamus dictum nunc nisl sit amet porttitor est convallis non. Ut commodo rutrum lacus non congue. Nullam sodales sed mi quis consectetur. Phasellus euismod mi ornare pellentesque congue. Phasellus scelerisque nisl ut venenatis facilisis. Sed ut euismod odio. Phasellus vitae eros eget augue tempus blandit in lobortis lacus.',20,'Strauss Frock',3,'Adult Female'),(89,'ugg slippers','Lorem ipsum dolor sit amet consectetur adipiscing elit. Vivamus dictum nunc nisl sit amet porttitor est convallis non. Ut commodo rutrum lacus non congue. Nullam sodales sed mi quis consectetur. Phasellus euismod mi ornare pellentesque congue. Phasellus scelerisque nisl ut venenatis facilisis. Sed ut euismod odio. Phasellus vitae eros eget augue tempus blandit in lobortis lacus.',30,'Strauss Frock',4,'Adult Female'),(90,'ugg converse low tops','Lorem ipsum dolor sit amet consectetur adipiscing elit. Vivamus dictum nunc nisl sit amet porttitor est convallis non. Ut commodo rutrum lacus non congue. Nullam sodales sed mi quis consectetur. Phasellus euismod mi ornare pellentesque congue. Phasellus scelerisque nisl ut venenatis facilisis. Sed ut euismod odio. Phasellus vitae eros eget augue tempus blandit in lobortis lacus.',30,'Strauss Frock',4,'Adult Female'),(91,'thigh high socks','Lorem ipsum dolor sit amet consectetur adipiscing elit. Vivamus dictum nunc nisl sit amet porttitor est convallis non. Ut commodo rutrum lacus non congue. Nullam sodales sed mi quis consectetur. Phasellus euismod mi ornare pellentesque congue. Phasellus scelerisque nisl ut venenatis facilisis. Sed ut euismod odio. Phasellus vitae eros eget augue tempus blandit in lobortis lacus.',50,'Strauss Frock',3,'Adult Female'),(92,'hippy hairband','Lorem ipsum dolor sit amet consectetur adipiscing elit. Vivamus dictum nunc nisl sit amet porttitor est convallis non. Ut commodo rutrum lacus non congue. Nullam sodales sed mi quis consectetur. Phasellus euismod mi ornare pellentesque congue. Phasellus scelerisque nisl ut venenatis facilisis. Sed ut euismod odio. Phasellus vitae eros eget augue tempus blandit in lobortis lacus.',50,'Strauss Frock',2,'Adult Female'),(93,'vaporizor holster','Lorem ipsum dolor sit amet consectetur adipiscing elit. Vivamus dictum nunc nisl sit amet porttitor est convallis non. Ut commodo rutrum lacus non congue. Nullam sodales sed mi quis consectetur. Phasellus euismod mi ornare pellentesque congue. Phasellus scelerisque nisl ut venenatis facilisis. Sed ut euismod odio. Phasellus vitae eros eget augue tempus blandit in lobortis lacus.',50,'Mouse Something',4,'Adult Female'),(94,'I love ny ensemble','Lorem ipsum dolor sit amet consectetur adipiscing elit. Vivamus dictum nunc nisl sit amet porttitor est convallis non. Ut commodo rutrum lacus non congue. Nullam sodales sed mi quis consectetur. Phasellus euismod mi ornare pellentesque congue. Phasellus scelerisque nisl ut venenatis facilisis. Sed ut euismod odio. Phasellus vitae eros eget augue tempus blandit in lobortis lacus.',20,'Mouse Something',5,'Adult Female'),(95,'fashion specs','Lorem ipsum dolor sit amet consectetur adipiscing elit. Vivamus dictum nunc nisl sit amet porttitor est convallis non. Ut commodo rutrum lacus non congue. Nullam sodales sed mi quis consectetur. Phasellus euismod mi ornare pellentesque congue. Phasellus scelerisque nisl ut venenatis facilisis. Sed ut euismod odio. Phasellus vitae eros eget augue tempus blandit in lobortis lacus.',21,'Mouse Something',5,'Adult Female'),(96,'ugly cat sweater','Lorem ipsum dolor sit amet consectetur adipiscing elit. Vivamus dictum nunc nisl sit amet porttitor est convallis non. Ut commodo rutrum lacus non congue. Nullam sodales sed mi quis consectetur. Phasellus euismod mi ornare pellentesque congue. Phasellus scelerisque nisl ut venenatis facilisis. Sed ut euismod odio. Phasellus vitae eros eget augue tempus blandit in lobortis lacus.',202,'Strauss Frock',2,'Adult Female'),(97,'requiem for a bow tie','Lorem ipsum dolor sit amet consectetur adipiscing elit. Vivamus dictum nunc nisl sit amet porttitor est convallis non. Ut commodo rutrum lacus non congue. Nullam sodales sed mi quis consectetur. Phasellus euismod mi ornare pellentesque congue. Phasellus scelerisque nisl ut venenatis facilisis. Sed ut euismod odio. Phasellus vitae eros eget augue tempus blandit in lobortis lacus.',10,'Strauss Frock',3,'Adult Female'),(98,'checkered stalking cap','Lorem ipsum dolor sit amet consectetur adipiscing elit. Vivamus dictum nunc nisl sit amet porttitor est convallis non. Ut commodo rutrum lacus non congue. Nullam sodales sed mi quis consectetur. Phasellus euismod mi ornare pellentesque congue. Phasellus scelerisque nisl ut venenatis facilisis. Sed ut euismod odio. Phasellus vitae eros eget augue tempus blandit in lobortis lacus.',30,'Mouse Something',2,'Adult Female'),(99,'ironic van gogh sweater','Lorem ipsum dolor sit amet consectetur adipiscing elit. Vivamus dictum nunc nisl sit amet porttitor est convallis non. Ut commodo rutrum lacus non congue. Nullam sodales sed mi quis consectetur. Phasellus euismod mi ornare pellentesque congue. Phasellus scelerisque nisl ut venenatis facilisis. Sed ut euismod odio. Phasellus vitae eros eget augue tempus blandit in lobortis lacus.',40,'Mouse Something',1,'Adult Female');
/*!40000 ALTER TABLE `item` ENABLE KEYS */;
UNLOCK TABLES;

--
-- Table structure for table `sale`
--

DROP TABLE IF EXISTS `sale`;
/*!40101 SET @saved_cs_client     = @@character_set_client */;
/*!40101 SET character_set_client = utf8 */;
CREATE TABLE `sale` (
  `id` int(11) NOT NULL AUTO_INCREMENT,
  `date` timestamp NOT NULL DEFAULT CURRENT_TIMESTAMP,
  `userid` int(11) NOT NULL,
  PRIMARY KEY (`id`),
  KEY `idx_sale` (`userid`),
  CONSTRAINT `fk_sale` FOREIGN KEY (`userid`) REFERENCES `user` (`id`) ON DELETE NO ACTION ON UPDATE NO ACTION
) ENGINE=InnoDB DEFAULT CHARSET=latin1;
/*!40101 SET character_set_client = @saved_cs_client */;

--
-- Dumping data for table `sale`
--

LOCK TABLES `sale` WRITE;
/*!40000 ALTER TABLE `sale` DISABLE KEYS */;
/*!40000 ALTER TABLE `sale` ENABLE KEYS */;
UNLOCK TABLES;

--
-- Table structure for table `saleitem`
--

DROP TABLE IF EXISTS `saleitem`;
/*!40101 SET @saved_cs_client     = @@character_set_client */;
/*!40101 SET character_set_client = utf8 */;
CREATE TABLE `saleitem` (
  `id` int(11) NOT NULL AUTO_INCREMENT,
  `quantity` int(11) NOT NULL,
  `saleid` int(11) NOT NULL,
  `itemid` int(11) NOT NULL,
  PRIMARY KEY (`id`),
  KEY `idx_orderitem` (`saleid`),
  KEY `idx_orderitem_0` (`itemid`),
  CONSTRAINT `fk_orderitem` FOREIGN KEY (`saleid`) REFERENCES `sale` (`id`) ON DELETE NO ACTION ON UPDATE NO ACTION,
  CONSTRAINT `fk_orderitem_0` FOREIGN KEY (`itemid`) REFERENCES `item` (`id`) ON DELETE NO ACTION ON UPDATE NO ACTION
) ENGINE=InnoDB DEFAULT CHARSET=latin1;
/*!40101 SET character_set_client = @saved_cs_client */;

--
-- Dumping data for table `saleitem`
--

LOCK TABLES `saleitem` WRITE;
/*!40000 ALTER TABLE `saleitem` DISABLE KEYS */;
/*!40000 ALTER TABLE `saleitem` ENABLE KEYS */;
UNLOCK TABLES;

--
-- Table structure for table `user`
--

DROP TABLE IF EXISTS `user`;
/*!40101 SET @saved_cs_client     = @@character_set_client */;
/*!40101 SET character_set_client = utf8 */;
CREATE TABLE `user` (
  `id` int(11) NOT NULL AUTO_INCREMENT,
  `name` varchar(100) NOT NULL,
  `email` varchar(50) NOT NULL,
  `password` varchar(50) NOT NULL,
  `isemployee` tinyint(4) NOT NULL,
  PRIMARY KEY (`id`)
) ENGINE=InnoDB AUTO_INCREMENT=31 DEFAULT CHARSET=latin1;
/*!40101 SET character_set_client = @saved_cs_client */;

--
-- Dumping data for table `user`
--

LOCK TABLES `user` WRITE;
/*!40000 ALTER TABLE `user` DISABLE KEYS */;
INSERT INTO `user` VALUES (14,'opie','opie@gmail.com','hello',0),(16,'ned','ned@gmail.com','hello',0),(17,'snow','snow@gmail.com','hello',0),(19,'green','green@gmail.com','hello',0),(20,'blue','blue@gmail.com','hello',0),(22,'brown','brown@gmail.com','hello',0),(23,'jerry','jerry@gmail.com','hello',0),(24,'jim','jim@gmail.com','hello',0),(25,'jack','jack@gmail.com','hello',0),(26,'jimbob','jimbob@gmail.com','hello',0),(27,'kris','kris@gmail.com','hello',0);
/*!40000 ALTER TABLE `user` ENABLE KEYS */;
UNLOCK TABLES;
/*!40103 SET TIME_ZONE=@OLD_TIME_ZONE */;

/*!40101 SET SQL_MODE=@OLD_SQL_MODE */;
/*!40014 SET FOREIGN_KEY_CHECKS=@OLD_FOREIGN_KEY_CHECKS */;
/*!40014 SET UNIQUE_CHECKS=@OLD_UNIQUE_CHECKS */;
/*!40101 SET CHARACTER_SET_CLIENT=@OLD_CHARACTER_SET_CLIENT */;
/*!40101 SET CHARACTER_SET_RESULTS=@OLD_CHARACTER_SET_RESULTS */;
/*!40101 SET COLLATION_CONNECTION=@OLD_COLLATION_CONNECTION */;
/*!40111 SET SQL_NOTES=@OLD_SQL_NOTES */;

-- Dump completed on 2016-04-11 13:56:36
